index,disease_name,supplement name,supplement image,buy link
0,Apple___Apple_scab,Katyayani Prozol Propiconazole 25% EC Systematic Fungicide,/static/images/supplements/supp_0.jpg,https://katyayaniorganics.com/
1,Apple___Black_rot,Magic FungiX For Fungal disease,/static/images/supplements/supp_1.jpg,https://agribegri.com/products/buy-fungicide-online-india--organic-fungicide--yield-enhancer.php
2,Apple___Cedar_apple_rust,Katyayani All in 1 Organic Fungicide,/static/images/supplements/supp_2.jpg,https://katyayaniorganics.com/
3,Apple___healthy,Tapti Booster Organic Fertilizer,/static/images/supplements/supp_3.jpg,https://agribegri.com/products/tapti-booster-500-ml--organic-fertilizer-online-in-india.php
4,Background_without_leaves,,,
5,Blueberry___healthy,GreenStix Fertilizer,/static/images/supplements/supp_5.jpg,https://lazygardener.in/products/greenstix?variant=30920527020087&currency=INR&utm_medium=product_sync&utm_source=google&utm_content=sag_organic&utm_campaign=sag_organic&utm_campaign=gs-2019-10-29&utm_source=google&utm_medium=smart_campaign
6,Cherry___Powdery_mildew,ROM Mildew Clean,/static/images/supplements/supp_6.jpg,https://agribegri.com/products/rom-mildew-clean-1-kg--price-of-organic-fungicide-online-.php
7,Cherry___healthy,Plantic Organic BloomDrop Liquid Plant Food ,/static/images/supplements/supp_7.jpg,https://plantic.in/products/organic-bloomdrop
8,Corn___Cercospora_leaf_spot Gray_leaf_spot,ANTRACOL FUNGICIDE,/static/images/supplements/supp_8.jpg,https://www.bighaat.com/products/antracol?variant=14521365063&currency=INR&utm_medium=product_sync&utm_source=google&utm_content=sag_organic&utm_campaign=sag_organic
9,Corn___Common_rust,3 STAR M45 Mancozeb 75% WP Contact Fungicide,/static/images/supplements/supp_9.jpg,https://agribegri.com/products/buy-online-3-star-m45-mancozeb-75-wp.php
10,Corn___Northern_Leaf_Blight,QUIT (Carbendazim 12% + Mancozeb 63% WP) Protective And Curative Fungicide,/static/images/supplements/supp_10.jpg,https://www.bighaat.com/products/upl-saaf-fungicide
11,Corn___healthy,Biomass Lab Sampoorn Fasal Ahaar (Multipurpose Organic Fertilizer & Plant Food),/static/images/supplements/supp_11.jpg,https://www.flipkart.com/biomass-lab-sampoorn-fasal-ahaar-multipurpose-organic-fertilizer-plant-food-1-kg-fertilizer-manure/p/itm69c56f2e19c6a?pid=SMNFM3999GGTXFJZ&lid=LSTSMNFM3999GGTXFJZPRQ8CT&marketplace=FLIPKART&cmpid=content_soil-manure_8965229628_gmc
12,Grape___Black_rot,Southern Ag Captan 50% WP Fungicide,/static/images/supplements/supp_12.jpg,https://www.cart2india.com/beneficial-insects/southern-ag-captan-50-wp-fungicide-8-oz/00000000004336428163
13,Grape___Esca_(Black_Measles),ALIETTE FUNGICIDE,/static/images/supplements/supp_13.jpg,https://www.bighaat.com/products/aliette-fungicide
14,Grape___Leaf_blight_(Isariopsis_Leaf_Spot),"Tebulur Tebuconazole 10% + Sulphur 65% WG , Advance Broad Spectrum Premix Fungicides",/static/images/supplements/supp_14.jpg,https://agribegri.com/products/buy-tebuconazole-10--sulphur-65-wg-online--online-agro-store.php
15,Grape___healthy,Sansar Green Grapes Fertilizer Fertilizer,/static/images/supplements/supp_15.jpg,"https://www.flipkart.com/sansar-green-grapes-fertilizer/p/itm90f06136b50c7?pid=SMNFNT8F7FCQJ4MH&lid=LSTSMNFNT8F7FCQJ4MHMXEELG&marketplace=FLIPKART&cmpid=content_soil-manure_730597647_g_8965229628_gmc_pla&tgi=sem,1,G,11214002,g,search,,476044024748,,,,c,,,,,,,&ef_id=Cj0KCQjwsLWDBhCmARIsAPSL3_0d3lBg14nXBbhJeTP7z5mqzpyHXmv4c7cL9mW4MqCBlnskpoMB8C0aArWREALw_wcB:G:s&s_kwcid=AL!739!3!476044024748!!!g!293946777986!&gclsrc=aw.ds"
16,Orange___Haunglongbing_(Citrus_greening),Green Dews CITRUS PLANT FOOD Fertilizer ,/static/images/supplements/supp_16.jpg,https://www.flipkart.com/green-dews-citrus-plant-food-fertilizer/p/itmffde2heg7hkq2?pid=SMNFFBY9Z8DVTXMB&lid=LSTSMNFFBY9Z8DVTXMBEL4PDT&marketplace=FLIPKART&cmpid=content_soil-manure_8965229628_gmc
17,Peach___Bacterial_spot,SCORE FUNGICIDE,/static/images/supplements/supp_17.jpg,https://www.bighaat.com/products/score-fungicide?variant=27949138149399&currency=INR&utm_medium=product_sync&utm_source=google&utm_content=sag_organic&utm_campaign=sag_organic
18,Peach___healthy,Jeevamrut (Plant Growth Tonic),/static/images/supplements/supp_18.jpg,https://nurserylive.com/products/jeevamrut-plant-growth-tonic-250-ml-for-garden?variant=34163328811148
19,"Pepper,_bell___Bacterial_spot",Systemic Fungicide (Domark) Tetraconazole 3.8% w/w (4% w/v) EW,/static/images/supplements/supp_19.jpg,https://agribegri.com/products/buy-systemic-fungicide-online--tetraconazole-38--domark-.php
20,"Pepper,_bell___healthy",Casa De Amor Organic Potash Fertilizer,/static/images/supplements/supp_20.jpg,https://www.casagardenshop.com/products/organic-potash-fertilizer-for-gardening-improves-size-of-flowers-fruits-and-vegetables-by-casa-de-amor-1-kg-1?variant=40073291088&currency=INR&utm_medium=product_sync&utm_source=google&utm_content=sag_organic&utm_campaign=sag_organic&utm_campaign=gs-2020-02-08&utm_source=google&utm_medium=smart_campaign
21,Potato___Early_blight,Parin Herbal Fungicides (With Turmeric Extract),/static/images/supplements/supp_21.jpg,https://agribegri.com/products/buy-herbal-fungicide-online-india--buy-pesticides-online.php
22,Potato___Late_blight,Syngenta Ridomil gold Fungicide ,/static/images/supplements/supp_22.jpg,https://www.bighaat.com/products/ridomil-gold-fungicide
23,Potato___healthy,Saosis Fertilizer for potato Fertilizer,/static/images/supplements/supp_23.jpg,"https://www.flipkart.com/saosis-fertilizer-potato/p/itmc40dfbfcd49f7?pid=SMNFW8B3DTY2V6PG&lid=LSTSMNFW8B3DTY2V6PGHC2BXS&marketplace=FLIPKART&cmpid=content_soil-manure_730597647_g_8965229628_gmc_pla&tgi=sem,1,G,11214002,g,search,,476044024748,,,,c,,,,,,,&ef_id=Cj0KCQjwsLWDBhCmARIsAPSL3_3TcmjyWFqJEZtCD0SQiDb9UFyESkiYtgU35W5Qs_KnTCkDS_Px2Y4aArmBEALw_wcB:G:s&s_kwcid=AL!739!3!476044024748!!!g!293946777986!&gclsrc=aw.ds"
24,Raspberry___healthy,"Karen's Naturals, Organic Just Raspberries",/static/images/supplements/supp_24.jpg,https://in.iherb.com/pr/Karen-s-Naturals-Organic-Just-Raspberries-1-5-oz-42-g/37730?gclsrc=ds
25,Soybean___healthy,Max Crop Liquid Fertilizer,/static/images/supplements/supp_25.jpg,https://agribegri.com/products/max-crop-1-litre.php
26,Squash___Powdery_mildew,No powdery mildew 1 quart,/static/images/supplements/supp_26.jpg,https://kiron.co.in/products/B0068WMLE2
27,Strawberry___Leaf_scorch,Greatindos Premium Quality All in 1 Organic Fungicide,/static/images/supplements/supp_27.jpg,https://agribegri.com/products/buy-organic-fungicide-online--organic-fungicide-with-best-rate-.php
28,Strawberry___healthy,SWISS GREEN ORGANIC PLANT GROWTH PROMOTER STRAWBERRY Fertilizer,/static/images/supplements/supp_28.jpg,https://www.flipkart.com/swiss-green-organic-plant-growth-promoter-strawberry-fertilizer-manure/p/itmcaf7955b802fa?pid=SMNFM3TT2RNZEQYD&lid=LSTSMNFM3TT2RNZEQYDIGMSRD&marketplace=FLIPKART&cmpid=content_soil-manure_8965229628_gmc
29,Tomato___Bacterial_spot,CUREAL Best Fungicide & Bactericide,/static/images/supplements/supp_29.jpg,https://agribegri.com/products/cureal---best-fungicide--bactericide-zinc-based-250-ml.php
30,Tomato___Early_blight,NATIVO FUNGICIDE,/static/images/supplements/supp_30.jpg,https://www.bighaat.com/products/bayer-nativo-fungicide
31,Tomato___Late_blight,ACROBAT FUNGICIDE,/static/images/supplements/supp_31.jpg,https://www.bighaat.com/products/acrobat-fungicide?variant=31177935519767&currency=INR&utm_medium=product_sync&utm_source=google&utm_content=sag_organic&utm_campaign=sag_organic
32,Tomato___Leaf_Mold,Virus Special (Set of Immuno 1 ltr + Enviro 1 ltr),/static/images/supplements/supp_32.jpg,https://agribegri.com/products/virus-special-enviroimmuno-1-litre.php
33,Tomato___Septoria_leaf_spot,Roko Fungicide,/static/images/supplements/supp_33.jpg,https://www.bighaat.com/products/roko-fungicide
34,Tomato___Spider_mites Two-spotted_spider_mite,OMITE INSECTICIDE,/static/images/supplements/supp_34.jpg,https://www.bighaat.com/products/omite-insecticide?variant=31276117196823&currency=INR&utm_medium=product_sync&utm_source=google&utm_content=sag_organic&utm_campaign=sag_organic
35,Tomato___Target_Spot,Propi Propineb 70% WP Fungicide for Plants Diesese Control Pesticide,/static/images/supplements/supp_35.jpg,"https://www.flipkart.com/propi-propineb-70-wp-fungicide-plants-diesese-control-pesticide/p/itm9db96656402f8?pid=SMNFMX8FJJHZAYFJ&lid=LSTSMNFMX8FJJHZAYFJDGFGXW&marketplace=FLIPKART&cmpid=content_soil-manure_730597647_g_8965229628_gmc_pla&tgi=sem,1,G,11214002,g,search,,476044024748,,,,c,,,,,,,&ef_id=Cj0KCQjwsLWDBhCmARIsAPSL3_2bIC4skU03mHTgG2GvlhsFQstQaLrFyAaL10NTTCDsuI9BoffpPFUaAjn1EALw_wcB:G:s&s_kwcid=AL!739!3!476044024748!!!g!293946777986!&gclsrc=aw.ds"
36,Tomato___Tomato_Yellow_Leaf_Curl_Virus,Syngenta Amistor Top Fungicide,/static/images/supplements/supp_36.jpg,https://www.bighaat.com/products/amistar-top-fungicide
37,Tomato___Tomato_mosaic_virus,V Bind Viral Disease Special,/static/images/supplements/supp_37.jpg,https://agribegri.com/products/viricide-online-.php
38,Tomato___healthy,"Tomato Fertilizer Organic, for Home, Balcony, Terrace & Outdoor Gardening",/static/images/supplements/supp_38.jpg,https://www.casagardenshop.com/products/tomato-fertilizer-for-home-terrace-outdoor-gardening?variant=32106353131619&currency=INR&utm_medium=product_sync&utm_source=google&utm_content=sag_organic&utm_campaign=sag_organic&utm_campaign=gs-2020-02-08&utm_source=google&utm_medium=smart_campaign
